<metadata><idinfo><citation><citeinfo><origin>Metropolitan Council</origin><title>Transit Stops Boardings and Alightings</title><pubinfo><publish>Metropolitan Council - Metro Transit</publish></pubinfo><pubdate>20220127</pubdate><onlink>https://gisdata.mn.gov/dataset/us-mn-state-metc-trans-stop-boardings-alightings</onlink></citeinfo></citation><descript><abstract>Contains average daily transit boardings and alightings for all Metro Transit, Met Council, and Maple Grove Transit fixed-route transit service.  

Note: Records are provided for all regional transit service and stops, but boarding and alighting data are only shown for Metro Transit and Met Council provided services and for service from other providers that have agreed to the inclusion of their service in this data set.  
</abstract><purpose>To provide information on transit stop usage in the Twin Cities region.  

Note: This data set should only be used to determine stop level ridership patterns.  It cannot be used to summarize total route or system level ridership for the same time period.  The data set is aggregated at the stop level and is filtered to exclude non-representative days.  This will not match the total ridership calculated from APC or fare collection data.
</purpose></descript><timeperd><current>Most recent data are for Fall 2021</current><timeinfo><sngdate><caldate>Average daily boardings and alightings from early September to December for the years 2013, 2014, 2015, 2016, 2017, 2018, 2019, 2020, and 2021</caldate></sngdate></timeinfo></timeperd><status><progress>Complete</progress><update>Updated each Fall (2013-2021)</update></status><accconst>None. This dataset is public domain under the Minnesota Government Data Practices Act (Minnesota Statutes Chapter 13). If the dataset is not available from the Online Linkage in Section 6, please contact the Distribution Contact Person.</accconst><useconst>None. This dataset is public domain under the Minnesota Government Data Practices Act (Minnesota Statutes Chapter 13).</useconst><crossref><citeinfo><title>TransitStops, TransitRoutes, ParkAndRideLots</title></citeinfo></crossref><keywords><place><placekey>Twin Cities, Anoka County, Carver County, Dakota County, Hennepin County, Ramsey County, Scott County, Washington County</placekey></place><theme><themekt>Twin Cities, Anoka County, Carver County, Dakota County, Hennepin County, Ramsey County, Scott County, Washington County</themekt><themekey>transit, bus, buses, light rail, LRT, commuter rail, trains, bus rapid transit, BRT, stops, stations, boarding, alighting, riders, ridership, automatic passenger counter, APC</themekey></theme></keywords><spdom><bounding><westbc>-94.012</westbc><eastbc>-92.732</eastbc><northbc>45.415</northbc><southbc>44.471</southbc></bounding></spdom><ptcontac><cntinfo><cntperp><cntorg>Metropolitan Council - Metro Transit</cntorg><cntper>Janet Hopper</cntper></cntperp><cntpos>Business Systems Analyst III</cntpos><cntaddr><addrtype>mailing and physical</addrtype><address>560 6th Ave N</address><city>Minneapolis</city><state>MN</state><postal>55411</postal></cntaddr><cntvoice>612.349.7726</cntvoice><cntemail>janet.hopper@metrotransit.org</cntemail></cntinfo></ptcontac></idinfo><eainfo><overview><eaover>Provider: Provider of the route



Route_Type: Type of route (Urban Local, Suburban Local, Express)



Route: Route number or name



Route Classification: Route types specified in the Metropolitan Council’s 2040 Transportation Policy Plan (Core Local, Supporting Local, Commuter Express, Suburban Local, BRT, LRT and Commuter Rail)

Dir: Direction of service (N, S, E, W)



Site_id: Bus stop site id

Name: Bus stop name



Group_ID: Bus stop group. Used to group stops are near each other. (Note 1)



Mode: Type of service (Bus, BRT, LRT, NS (North Star or Commuter Rail))

Latitude: Location of the stop



Longitude: Location of the stop



XCoordinate: Location of the stop



YCoordinate: Location of the stop



City: Location of the stop



Trips: Number of scheduled trips



Trips_Obs: Number of trips with adequate APC data observed



Schedule: Weekday, Saturday or Sunday



Ons: Average daily boardings



Offs: Average daily alightings



Seq: The sequence of the stop on the route



PctSampled: The percentage of scheduled trips that were successfully sampled



Downtown:  Whether a stop was in the downtown fare zone in downtaon Minneapolis or St. Paul



Comments:  Information to help with interpretation of the data, such as whether a stop was closed for part of the sample period or represents a detour that would cause changes from other years.

**Note: The Group ID field is intended to allow stops that are either in the same location or very close proximity to be combined.  This includes the following situations: Location with different stops for bus arrival and departure times, transit centers, and other similar locations.  Note that in some cases, stops on intersecting streets are grouped together.  Care should be taken in using this field and the grouped stops should be considered on a case by case basis.
</eaover></overview></eainfo><dataqual><attracc><attraccr>All information except the boardings and alightings are based on the scheduled service that operated during the analysis time period.  

The regular route bus and BRT boardings and alightings data are averages from the Metro Transit automatic passenger counter system.  These data are averaged over approximately a three month period with certain non-standard days excluded from the averages.  Non-standard days include those with severe weather, special events, school break periods, and other days that do not have normal ridership patterns.

The light rail and commuter rail boardings data are summarized from separate systems.  Alightings data is not currently available for those services.</attraccr></attracc><complete>Stops affected by detours at this time are shown as they would be for regularly scheduled service.  Notes have been included for stops that were not in service for the entire time period.  The ridership reported shows the average for when the stop was in service.</complete><logic>Total boardings and alightings at the stop, route, provider and system levels will not always be equal.  This is due both to the variations in ridership patterns as well as the result of the data collection and aggregation processes.</logic><lineage><procstep><procdesc>Bus and BRT data are gathered via the Metro Transit automatic passenger counter (APC) system which is deployed on roughly 99% of all Metro Transit buses. APC data are processed daily to match boardings and alightings to the correct stop and scheduled trip. Some data are dropped or excluded from the aggregation if they are outside the expected ranges (i.e., if they are suspected of being anomalous). 

Light rail and commuter rail boarding data is based on analysis of fare collection systems and passenger sampling clerk ride checks. 
</procdesc></procstep></lineage></dataqual><distinfo><distliab>NOTICE:  The Geographic Information System (GIS) Data to which this notice is attached are made available pursuant to the Minnesota Government Data Practices Act (Minnesota Statutes Chapter 13).  THE GIS DATA ARE PROVIDED TO YOU AS IS AND WITHOUT ANY WARRANTY AS TO THEIR PERFORMANCE, MERCHANTABILITY, OR FITNESS FOR ANY PARTICULAR PURPOSE.  The GIS Data were developed by the Metropolitan Council for its own internal business purposes.  The Metropolitan Council does not represent or warrant that the GIS Data or the data documentation are error-free, complete, current, or accurate.  You are responsible for any consequences resulting from your use of the GIS Data or your reliance on the GIS Data.  You should consult the data documentation for this particular GIS Data to determine the limitations of the GIS Data and the precision with which the GIS Data may depict distance, direction, location, or other geographic features.  If you transmit or provide the GIS Data (or any portion of it) to another user, it is recommended that the GIS Data include a copy of this disclaimer and this metadata.</distliab><stdorder><ordering>See Online Linkage Below</ordering></stdorder><distrib><cntinfo><cntperp><cntorg>Metropolitan Council</cntorg><cntper>Sean Murphy</cntper></cntperp><cntpos>GIS System Administrator</cntpos><cntaddr><address>390 Robert Street North</address><city>St. Paul</city><state>MN</state><postal>55101-1805</postal><addrtype>mailing and physical</addrtype></cntaddr><cntvoice>651.602.1371</cntvoice><cntemail>sean.murphy@metc.state.mn.us</cntemail></cntinfo></distrib></distinfo><metainfo><metd>20220127</metd><metstdn>Minnesota Geographic Metadata Guidelines</metstdn><metstdv>1.2</metstdv><metextns><onlink>http://www.mngeo.state.mn.us/committee/standards/mgmg/metadata.htm</onlink></metextns><metc><cntinfo><cntperp><cntorg>Metropolitan Council - Metro Transit</cntorg><cntper>Janet Hopper</cntper></cntperp><cntpos>Business Systems Analyst III</cntpos><cntaddr><addrtype>mailing and physical</addrtype><address>560 6th Ave N</address><city>Minneapolis</city><state>MN</state><postal>55411</postal></cntaddr><cntvoice>612.349.7726</cntvoice><cntemail>janet.hopper@metrotransit.org</cntemail></cntinfo></metc></metainfo></metadata>